,Unnamed: 0,Food,Food_code,GRMS,KCAL,TFAT,SFAT,PROT,CARB,CHOL,SUGR,SODM,FIBE,co2,Food_type,ingredients,m_hei,f_hei
0,0,"Duck, pressed, ChinesePastry, Chinese, made with rice flourPastry, Chinese, made with rice flour",131206310,450,965.343915343915,36.49470899470896,9.421340388007057,22.86684303350968,136.583774250441,78.5714285714286,63.6649029982362,564.1093474426807,4.25925925925926,0.34136586166111,main_dishsideside,"['pineapple', 'cornfieldsyrup', 'poultryothermeatbyproducts', 'poultryothermeat', 'pepperbell', 'cornfieldstarch', 'tomatopaste', 'vinegar', 'onionbulb', 'barleyflour', 'eggwhole', 'beetsugar', 'spicesother', 'wheatflour', 'cornfieldoil', 'poultryotherskin', 'soybeanoil', 'chestnut', 'poultryotherfat', 'wheatflour', 'waterindirectallsources', 'sugarcanesugar']['cornfieldoil', 'sesameseed', 'beetsugar', 'riceflour', 'sugarcanesugar', 'waterindirectallsources']['cornfieldoil', 'sesameseed', 'beetsugar', 'riceflour', 'sugarcanesugar', 'waterindirectallsources']",1,2
1,1,"Duck, pressed, ChinesePastry, Chinese, made with rice flourWhite rice with tomato sauce",135915460,450,822.91789143641,31.84175974916712,8.81252204585538,22.57603370566331,111.3468547912993,78.5714285714286,45.99529688418569,1061.3070742700374,3.969233784048598,0.370900374769788,main_dishsideside,"['pineapple', 'cornfieldsyrup', 'poultryothermeatbyproducts', 'poultryothermeat', 'pepperbell', 'cornfieldstarch', 'tomatopaste', 'vinegar', 'onionbulb', 'barleyflour', 'eggwhole', 'beetsugar', 'spicesother', 'wheatflour', 'cornfieldoil', 'poultryotherskin', 'soybeanoil', 'chestnut', 'poultryotherfat', 'wheatflour', 'waterindirectallsources', 'sugarcanesugar']['cornfieldoil', 'sesameseed', 'beetsugar', 'riceflour', 'sugarcanesugar', 'waterindirectallsources']['rapeseedoil', 'milkfat', 'cornfieldoil', 'sunfloweroil', 'tomatopuree', 'saffloweroil', 'milknonfatsolids', 'ricewhite', 'cottonseedoil', 'waterindirectallsources', 'milkwater', 'soybeanoil']",2,0
2,2,"Duck, pressed, ChineseWhite rice with tomato saucePastry, Chinese, made with rice flour",135915460,450,822.91789143641,31.84175974916712,8.81252204585538,22.57603370566331,111.34685479129932,78.5714285714286,45.99529688418569,1061.3070742700374,3.969233784048598,0.370900374769788,main_dishsideside,"['pineapple', 'cornfieldsyrup', 'poultryothermeatbyproducts', 'poultryothermeat', 'pepperbell', 'cornfieldstarch', 'tomatopaste', 'vinegar', 'onionbulb', 'barleyflour', 'eggwhole', 'beetsugar', 'spicesother', 'wheatflour', 'cornfieldoil', 'poultryotherskin', 'soybeanoil', 'chestnut', 'poultryotherfat', 'wheatflour', 'waterindirectallsources', 'sugarcanesugar']['rapeseedoil', 'milkfat', 'cornfieldoil', 'sunfloweroil', 'tomatopuree', 'saffloweroil', 'milknonfatsolids', 'ricewhite', 'cottonseedoil', 'waterindirectallsources', 'milkwater', 'soybeanoil']['cornfieldoil', 'sesameseed', 'beetsugar', 'riceflour', 'sugarcanesugar', 'waterindirectallsources']",2,0
3,3,"Duck, pressed, ChineseWhite rice with tomato sauceWhite rice with tomato sauce",140624610,450,680.491867528905,27.18881050362528,8.203703703703704,22.28522437781694,86.1099353321576,78.5714285714286,28.32569077013518,1558.5048010973942,3.679208308837936,0.400434887878466,main_dishsideside,"['pineapple', 'cornfieldsyrup', 'poultryothermeatbyproducts', 'poultryothermeat', 'pepperbell', 'cornfieldstarch', 'tomatopaste', 'vinegar', 'onionbulb', 'barleyflour', 'eggwhole', 'beetsugar', 'spicesother', 'wheatflour', 'cornfieldoil', 'poultryotherskin', 'soybeanoil', 'chestnut', 'poultryotherfat', 'wheatflour', 'waterindirectallsources', 'sugarcanesugar']['rapeseedoil', 'milkfat', 'cornfieldoil', 'sunfloweroil', 'tomatopuree', 'saffloweroil', 'milknonfatsolids', 'ricewhite', 'cottonseedoil', 'waterindirectallsources', 'milkwater', 'soybeanoil']['rapeseedoil', 'milkfat', 'cornfieldoil', 'sunfloweroil', 'tomatopuree', 'saffloweroil', 'milknonfatsolids', 'ricewhite', 'cottonseedoil', 'waterindirectallsources', 'milkwater', 'soybeanoil']",2,1
4,4,"Lemon chicken, Chinese stylePastry, Chinese, made with rice flourPastry, Chinese, made with rice flour",134050650,450,1142.101284958427,43.55253212396066,7.776518014613254,41.09095490047868,146.5936004031242,152.683295540438,72.2348198538674,1396.5734441924908,4.08163265306123,0.80795792929157,main_dishsideside,"['chickenmeat', 'oniongreen', 'cottonseedoil', 'oliveoil', 'soybeanseed', 'turkeyskin', 'saffloweroil', 'peanutoil', 'sesameoil', 'soybeanflour', 'garlicbulb', 'chickenmeatbyproducts', 'turkeyfat', 'turkeymeatbyproducts', 'soybeanoil', 'chickenfat', 'sesameseed', 'chickenskin', 'turkeymeat', 'waterindirectallsources', 'lemon', 'beetsugar', 'grapewineandsherry', 'rapeseedoil', 'sunfloweroil', 'sugarcanesugar', 'cornfieldoil', 'ginger', 'beanblackseed', 'wheatflour', 'onionbulbdried', 'cornfieldstarch']['cornfieldoil', 'sesameseed', 'beetsugar', 'riceflour', 'sugarcanesugar', 'waterindirectallsources']['cornfieldoil', 'sesameseed', 'beetsugar', 'riceflour', 'sugarcanesugar', 'waterindirectallsources']",2,2
5,5,"Lemon chicken, Chinese stylePastry, Chinese, made with rice flourWhite rice with tomato sauce",138759800,450,999.675261050922,38.89958287841882,7.167699672461579,40.80014557263231,121.3566809439825,152.683295540438,54.56521373981689,1893.7711710198475,3.791607177850568,0.837492442400248,main_dishsideside,"['chickenmeat', 'oniongreen', 'cottonseedoil', 'oliveoil', 'soybeanseed', 'turkeyskin', 'saffloweroil', 'peanutoil', 'sesameoil', 'soybeanflour', 'garlicbulb', 'chickenmeatbyproducts', 'turkeyfat', 'turkeymeatbyproducts', 'soybeanoil', 'chickenfat', 'sesameseed', 'chickenskin', 'turkeymeat', 'waterindirectallsources', 'lemon', 'beetsugar', 'grapewineandsherry', 'rapeseedoil', 'sunfloweroil', 'sugarcanesugar', 'cornfieldoil', 'ginger', 'beanblackseed', 'wheatflour', 'onionbulbdried', 'cornfieldstarch']['cornfieldoil', 'sesameseed', 'beetsugar', 'riceflour', 'sugarcanesugar', 'waterindirectallsources']['rapeseedoil', 'milkfat', 'cornfieldoil', 'sunfloweroil', 'tomatopuree', 'saffloweroil', 'milknonfatsolids', 'ricewhite', 'cottonseedoil', 'waterindirectallsources', 'milkwater', 'soybeanoil']",2,2
6,6,"Lemon chicken, Chinese styleWhite rice with tomato saucePastry, Chinese, made with rice flour",138759800,450,999.675261050922,38.89958287841882,7.167699672461579,40.80014557263231,121.3566809439825,152.683295540438,54.56521373981689,1893.7711710198475,3.791607177850568,0.8374924424002479,main_dishsideside,"['chickenmeat', 'oniongreen', 'cottonseedoil', 'oliveoil', 'soybeanseed', 'turkeyskin', 'saffloweroil', 'peanutoil', 'sesameoil', 'soybeanflour', 'garlicbulb', 'chickenmeatbyproducts', 'turkeyfat', 'turkeymeatbyproducts', 'soybeanoil', 'chickenfat', 'sesameseed', 'chickenskin', 'turkeymeat', 'waterindirectallsources', 'lemon', 'beetsugar', 'grapewineandsherry', 'rapeseedoil', 'sunfloweroil', 'sugarcanesugar', 'cornfieldoil', 'ginger', 'beanblackseed', 'wheatflour', 'onionbulbdried', 'cornfieldstarch']['rapeseedoil', 'milkfat', 'cornfieldoil', 'sunfloweroil', 'tomatopuree', 'saffloweroil', 'milknonfatsolids', 'ricewhite', 'cottonseedoil', 'waterindirectallsources', 'milkwater', 'soybeanoil']['cornfieldoil', 'sesameseed', 'beetsugar', 'riceflour', 'sugarcanesugar', 'waterindirectallsources']",2,2
7,7,"Lemon chicken, Chinese styleWhite rice with tomato sauceWhite rice with tomato sauce",143468950,450,857.2492371434171,34.24663363287698,6.558881330309903,40.50933624478594,96.1197614848408,152.683295540438,36.89560762576638,2390.968897847204,3.501581702639906,0.867026955508926,main_dishsideside,"['chickenmeat', 'oniongreen', 'cottonseedoil', 'oliveoil', 'soybeanseed', 'turkeyskin', 'saffloweroil', 'peanutoil', 'sesameoil', 'soybeanflour', 'garlicbulb', 'chickenmeatbyproducts', 'turkeyfat', 'turkeymeatbyproducts', 'soybeanoil', 'chickenfat', 'sesameseed', 'chickenskin', 'turkeymeat', 'waterindirectallsources', 'lemon', 'beetsugar', 'grapewineandsherry', 'rapeseedoil', 'sunfloweroil', 'sugarcanesugar', 'cornfieldoil', 'ginger', 'beanblackseed', 'wheatflour', 'onionbulbdried', 'cornfieldstarch']['rapeseedoil', 'milkfat', 'cornfieldoil', 'sunfloweroil', 'tomatopuree', 'saffloweroil', 'milknonfatsolids', 'ricewhite', 'cottonseedoil', 'waterindirectallsources', 'milkwater', 'soybeanoil']['rapeseedoil', 'milkfat', 'cornfieldoil', 'sunfloweroil', 'tomatopuree', 'saffloweroil', 'milknonfatsolids', 'ricewhite', 'cottonseedoil', 'waterindirectallsources', 'milkwater', 'soybeanoil']",3,2
8,8,"Moo Shu (Mu Shi) Pork, without Chinese pancakePastry, Chinese, made with rice flourPastry, Chinese, made with rice flour",134324460,450,1321.209572865201,87.24920284522935,13.141042374762051,36.21310604202438,99.1412482334116,283.940397350993,41.32407991403566,1753.3477580387107,3.109779599845828,0.8926580875547319,main_dishsideside,"['eggwhole', 'cornfieldstarch', 'peanutoil', 'oliveoil', 'oniongreen', 'porkfat', 'sunfloweroil', 'soybeanoil', 'saffloweroil', 'cabbage', 'cottonseedoil', 'sugarcanesugar', 'mushroom', 'rapeseedoil', 'beetsugar', 'soybeanseed', 'sesameoil', 'wheatflour', 'cornfieldoil', 'grapewineandsherry', 'porkmeat']['cornfieldoil', 'sesameseed', 'beetsugar', 'riceflour', 'sugarcanesugar', 'waterindirectallsources']['cornfieldoil', 'sesameseed', 'beetsugar', 'riceflour', 'sugarcanesugar', 'waterindirectallsources']",2,1
9,9,"Moo Shu (Mu Shi) Pork, without Chinese pancakePastry, Chinese, made with rice flourWhite rice with tomato sauce",139033610,450,1178.783548957696,82.59625359968751,12.532224032610378,35.92229671417801,73.90432877426991,283.940397350993,23.654473799985148,2250.5454848660675,2.819754124635166,0.92219260066341,main_dishsideside,"['eggwhole', 'cornfieldstarch', 'peanutoil', 'oliveoil', 'oniongreen', 'porkfat', 'sunfloweroil', 'soybeanoil', 'saffloweroil', 'cabbage', 'cottonseedoil', 'sugarcanesugar', 'mushroom', 'rapeseedoil', 'beetsugar', 'soybeanseed', 'sesameoil', 'wheatflour', 'cornfieldoil', 'grapewineandsherry', 'porkmeat']['cornfieldoil', 'sesameseed', 'beetsugar', 'riceflour', 'sugarcanesugar', 'waterindirectallsources']['rapeseedoil', 'milkfat', 'cornfieldoil', 'sunfloweroil', 'tomatopuree', 'saffloweroil', 'milknonfatsolids', 'ricewhite', 'cottonseedoil', 'waterindirectallsources', 'milkwater', 'soybeanoil']",2,2
10,10,"Moo Shu (Mu Shi) Pork, without Chinese pancakeWhite rice with tomato saucePastry, Chinese, made with rice flour",139033610,450,1178.783548957696,82.59625359968751,12.532224032610378,35.92229671417801,73.90432877426991,283.940397350993,23.654473799985148,2250.5454848660675,2.819754124635166,0.92219260066341,main_dishsideside,"['eggwhole', 'cornfieldstarch', 'peanutoil', 'oliveoil', 'oniongreen', 'porkfat', 'sunfloweroil', 'soybeanoil', 'saffloweroil', 'cabbage', 'cottonseedoil', 'sugarcanesugar', 'mushroom', 'rapeseedoil', 'beetsugar', 'soybeanseed', 'sesameoil', 'wheatflour', 'cornfieldoil', 'grapewineandsherry', 'porkmeat']['rapeseedoil', 'milkfat', 'cornfieldoil', 'sunfloweroil', 'tomatopuree', 'saffloweroil', 'milknonfatsolids', 'ricewhite', 'cottonseedoil', 'waterindirectallsources', 'milkwater', 'soybeanoil']['cornfieldoil', 'sesameseed', 'beetsugar', 'riceflour', 'sugarcanesugar', 'waterindirectallsources']",2,2
11,11,"Moo Shu (Mu Shi) Pork, without Chinese pancakeWhite rice with tomato sauceWhite rice with tomato sauce",143742760,450,1036.357525050191,77.94330435414568,11.923405690458702,35.63148738633164,48.66740931512821,283.940397350993,5.98486768593464,2747.743211693424,2.529728649424504,0.951727113772088,main_dishsideside,"['eggwhole', 'cornfieldstarch', 'peanutoil', 'oliveoil', 'oniongreen', 'porkfat', 'sunfloweroil', 'soybeanoil', 'saffloweroil', 'cabbage', 'cottonseedoil', 'sugarcanesugar', 'mushroom', 'rapeseedoil', 'beetsugar', 'soybeanseed', 'sesameoil', 'wheatflour', 'cornfieldoil', 'grapewineandsherry', 'porkmeat']['rapeseedoil', 'milkfat', 'cornfieldoil', 'sunfloweroil', 'tomatopuree', 'saffloweroil', 'milknonfatsolids', 'ricewhite', 'cottonseedoil', 'waterindirectallsources', 'milkwater', 'soybeanoil']['rapeseedoil', 'milkfat', 'cornfieldoil', 'sunfloweroil', 'tomatopuree', 'saffloweroil', 'milknonfatsolids', 'ricewhite', 'cottonseedoil', 'waterindirectallsources', 'milkwater', 'soybeanoil']",2,2
12,12,"General Tso (General Gau) chickenPastry, Chinese, made with rice flourPastry, Chinese, made with rice flour",134349450,450,1224.786185402623,52.75938609842717,8.622025319513904,37.18142228986978,150.4237938199126,131.849315068493,67.2431808847333,1101.4381145659706,4.34242951366239,0.5708885346300219,main_dishsideside,"['milkfat', 'saffloweroil', 'peanutoil', 'cottonseedoil', 'chickenmeatbyproducts', 'beetsugar', 'gingerdried', 'milknonfatsolids', 'eggyolk', 'sugarcanesugar', 'waterindirectallsources', 'rapeseedoil', 'sunfloweroil', 'cornfieldstarch', 'broccoli', 'oliveoil', 'chickenskin', 'soybeanoil', 'chickenmeat', 'peppernonbelldried', 'wheatflour', 'milkwater', 'soybeanseed', 'cornfieldoil', 'sesameoil', 'chickenfat']['cornfieldoil', 'sesameseed', 'beetsugar', 'riceflour', 'sugarcanesugar', 'waterindirectallsources']['cornfieldoil', 'sesameseed', 'beetsugar', 'riceflour', 'sugarcanesugar', 'waterindirectallsources']",2,2
13,13,"General Tso (General Gau) chickenPastry, Chinese, made with rice flourWhite rice with tomato sauce",139058600,450,1082.360161495118,48.10643685288533,8.013206977362229,36.89061296202341,125.1868743607709,131.849315068493,49.57357477068279,1598.6358413933272,4.052404038451728,0.6004230477386999,main_dishsideside,"['milkfat', 'saffloweroil', 'peanutoil', 'cottonseedoil', 'chickenmeatbyproducts', 'beetsugar', 'gingerdried', 'milknonfatsolids', 'eggyolk', 'sugarcanesugar', 'waterindirectallsources', 'rapeseedoil', 'sunfloweroil', 'cornfieldstarch', 'broccoli', 'oliveoil', 'chickenskin', 'soybeanoil', 'chickenmeat', 'peppernonbelldried', 'wheatflour', 'milkwater', 'soybeanseed', 'cornfieldoil', 'sesameoil', 'chickenfat']['cornfieldoil', 'sesameseed', 'beetsugar', 'riceflour', 'sugarcanesugar', 'waterindirectallsources']['rapeseedoil', 'milkfat', 'cornfieldoil', 'sunfloweroil', 'tomatopuree', 'saffloweroil', 'milknonfatsolids', 'ricewhite', 'cottonseedoil', 'waterindirectallsources', 'milkwater', 'soybeanoil']",2,2
14,14,"General Tso (General Gau) chickenWhite rice with tomato saucePastry, Chinese, made with rice flour",139058600,450,1082.360161495118,48.10643685288533,8.013206977362229,36.89061296202341,125.1868743607709,131.849315068493,49.57357477068279,1598.6358413933272,4.052404038451728,0.6004230477387,main_dishsideside,"['milkfat', 'saffloweroil', 'peanutoil', 'cottonseedoil', 'chickenmeatbyproducts', 'beetsugar', 'gingerdried', 'milknonfatsolids', 'eggyolk', 'sugarcanesugar', 'waterindirectallsources', 'rapeseedoil', 'sunfloweroil', 'cornfieldstarch', 'broccoli', 'oliveoil', 'chickenskin', 'soybeanoil', 'chickenmeat', 'peppernonbelldried', 'wheatflour', 'milkwater', 'soybeanseed', 'cornfieldoil', 'sesameoil', 'chickenfat']['rapeseedoil', 'milkfat', 'cornfieldoil', 'sunfloweroil', 'tomatopuree', 'saffloweroil', 'milknonfatsolids', 'ricewhite', 'cottonseedoil', 'waterindirectallsources', 'milkwater', 'soybeanoil']['cornfieldoil', 'sesameseed', 'beetsugar', 'riceflour', 'sugarcanesugar', 'waterindirectallsources']",2,2
15,15,General Tso (General Gau) chickenWhite rice with tomato sauceWhite rice with tomato sauce,143767750,450,939.9341375876132,43.45348760734348,7.4043886352105535,36.59980363417704,99.9499549016292,131.849315068493,31.90396865663228,2095.833568220684,3.762378563241066,0.629957560847378,main_dishsideside,"['milkfat', 'saffloweroil', 'peanutoil', 'cottonseedoil', 'chickenmeatbyproducts', 'beetsugar', 'gingerdried', 'milknonfatsolids', 'eggyolk', 'sugarcanesugar', 'waterindirectallsources', 'rapeseedoil', 'sunfloweroil', 'cornfieldstarch', 'broccoli', 'oliveoil', 'chickenskin', 'soybeanoil', 'chickenmeat', 'peppernonbelldried', 'wheatflour', 'milkwater', 'soybeanseed', 'cornfieldoil', 'sesameoil', 'chickenfat']['rapeseedoil', 'milkfat', 'cornfieldoil', 'sunfloweroil', 'tomatopuree', 'saffloweroil', 'milknonfatsolids', 'ricewhite', 'cottonseedoil', 'waterindirectallsources', 'milkwater', 'soybeanoil']['rapeseedoil', 'milkfat', 'cornfieldoil', 'sunfloweroil', 'tomatopuree', 'saffloweroil', 'milknonfatsolids', 'ricewhite', 'cottonseedoil', 'waterindirectallsources', 'milkwater', 'soybeanoil']",3,1
16,16,"Egg foo yung (young), NFSPastry, Chinese, made with rice flourPastry, Chinese, made with rice flour",139009500,450,796.772486772486,26.76613756613756,5.931340388007054,34.33827160493828,103.1694885361552,541.428571428571,46.09347442680766,878.3950617283947,2.830687830687834,0.816373097033406,main_dishsideside,"['waterchestnut', 'oliveoil', 'beanmungseed', 'wheatflour', 'saffloweroil', 'soybeanseed', 'rapeseedoil', 'cottonseedoil', 'soybeanoil', 'sunfloweroil', 'oniongreen', 'eggwhole', 'peanutoil', 'cornfieldoil', 'sesameoil']['cornfieldoil', 'sesameseed', 'beetsugar', 'riceflour', 'sugarcanesugar', 'waterindirectallsources']['cornfieldoil', 'sesameseed', 'beetsugar', 'riceflour', 'sugarcanesugar', 'waterindirectallsources']",3,2
17,17,"Egg foo yung (young), NFSPastry, Chinese, made with rice flourWhite rice with tomato sauce",143718650,450,654.346462864981,22.11318832059572,5.322522045855379,34.04746227709191,77.9325690770135,541.428571428571,28.42386831275715,1375.5927885557512,2.540662355477172,0.845907610142084,main_dishsideside,"['waterchestnut', 'oliveoil', 'beanmungseed', 'wheatflour', 'saffloweroil', 'soybeanseed', 'rapeseedoil', 'cottonseedoil', 'soybeanoil', 'sunfloweroil', 'oniongreen', 'eggwhole', 'peanutoil', 'cornfieldoil', 'sesameoil']['cornfieldoil', 'sesameseed', 'beetsugar', 'riceflour', 'sugarcanesugar', 'waterindirectallsources']['rapeseedoil', 'milkfat', 'cornfieldoil', 'sunfloweroil', 'tomatopuree', 'saffloweroil', 'milknonfatsolids', 'ricewhite', 'cottonseedoil', 'waterindirectallsources', 'milkwater', 'soybeanoil']",3,3
18,18,"Egg foo yung (young), NFSWhite rice with tomato saucePastry, Chinese, made with rice flour",143718650,450,654.346462864981,22.11318832059572,5.322522045855379,34.04746227709191,77.9325690770135,541.428571428571,28.42386831275715,1375.5927885557512,2.540662355477172,0.8459076101420839,main_dishsideside,"['waterchestnut', 'oliveoil', 'beanmungseed', 'wheatflour', 'saffloweroil', 'soybeanseed', 'rapeseedoil', 'cottonseedoil', 'soybeanoil', 'sunfloweroil', 'oniongreen', 'eggwhole', 'peanutoil', 'cornfieldoil', 'sesameoil']['rapeseedoil', 'milkfat', 'cornfieldoil', 'sunfloweroil', 'tomatopuree', 'saffloweroil', 'milknonfatsolids', 'ricewhite', 'cottonseedoil', 'waterindirectallsources', 'milkwater', 'soybeanoil']['cornfieldoil', 'sesameseed', 'beetsugar', 'riceflour', 'sugarcanesugar', 'waterindirectallsources']",3,3
19,19,"Egg foo yung (young), NFSWhite rice with tomato sauceWhite rice with tomato sauce",148427800,450,511.920438957476,17.46023907505388,4.713703703703704,33.75665294924554,52.695649617871794,541.428571428571,10.75426219870664,1872.790515383108,2.25063688026651,0.875442123250762,main_dishsideside,"['waterchestnut', 'oliveoil', 'beanmungseed', 'wheatflour', 'saffloweroil', 'soybeanseed', 'rapeseedoil', 'cottonseedoil', 'soybeanoil', 'sunfloweroil', 'oniongreen', 'eggwhole', 'peanutoil', 'cornfieldoil', 'sesameoil']['rapeseedoil', 'milkfat', 'cornfieldoil', 'sunfloweroil', 'tomatopuree', 'saffloweroil', 'milknonfatsolids', 'ricewhite', 'cottonseedoil', 'waterindirectallsources', 'milkwater', 'soybeanoil']['rapeseedoil', 'milkfat', 'cornfieldoil', 'sunfloweroil', 'tomatopuree', 'saffloweroil', 'milknonfatsolids', 'ricewhite', 'cottonseedoil', 'waterindirectallsources', 'milkwater', 'soybeanoil']",3,5
20,20,"Chicken egg foo yung (young)Pastry, Chinese, made with rice flourPastry, Chinese, made with rice flour",139009510,450,829.551280191133,29.79060870742776,6.611651174113094,37.04521858848488,102.0953960838178,479.890310786106,46.00598422048747,1031.0197679180008,3.25899809446428,0.7839907527417589,main_dishsideside,"['cottonseedoil', 'cornfieldoil', 'milkfat', 'chickenfat', 'rapeseedoil', 'sesameoil', 'chickenmeat', 'milknonfatsolids', 'saffloweroil', 'onionbulb', 'oliveoil', 'peanutoil', 'beanmungseed', 'eggwhole', 'waterchestnut', 'soybeanoil', 'sunfloweroil', 'milkwater']['cornfieldoil', 'sesameseed', 'beetsugar', 'riceflour', 'sugarcanesugar', 'waterindirectallsources']['cornfieldoil', 'sesameseed', 'beetsugar', 'riceflour', 'sugarcanesugar', 'waterindirectallsources']",3,2
21,21,"Chicken egg foo yung (young)Pastry, Chinese, made with rice flourWhite rice with tomato sauce",143718660,450,687.125256283628,25.13765946188592,6.002832831961419,36.75440926063851,76.8584766246761,479.890310786106,28.33637810643696,1528.2174947453573,2.9689726192536177,0.8135252658504369,main_dishsideside,"['cottonseedoil', 'cornfieldoil', 'milkfat', 'chickenfat', 'rapeseedoil', 'sesameoil', 'chickenmeat', 'milknonfatsolids', 'saffloweroil', 'onionbulb', 'oliveoil', 'peanutoil', 'beanmungseed', 'eggwhole', 'waterchestnut', 'soybeanoil', 'sunfloweroil', 'milkwater']['cornfieldoil', 'sesameseed', 'beetsugar', 'riceflour', 'sugarcanesugar', 'waterindirectallsources']['rapeseedoil', 'milkfat', 'cornfieldoil', 'sunfloweroil', 'tomatopuree', 'saffloweroil', 'milknonfatsolids', 'ricewhite', 'cottonseedoil', 'waterindirectallsources', 'milkwater', 'soybeanoil']",4,3
22,22,"Chicken egg foo yung (young)White rice with tomato saucePastry, Chinese, made with rice flour",143718660,450,687.125256283628,25.13765946188592,6.002832831961419,36.75440926063851,76.8584766246761,479.890310786106,28.33637810643696,1528.2174947453573,2.968972619253618,0.813525265850437,main_dishsideside,"['cottonseedoil', 'cornfieldoil', 'milkfat', 'chickenfat', 'rapeseedoil', 'sesameoil', 'chickenmeat', 'milknonfatsolids', 'saffloweroil', 'onionbulb', 'oliveoil', 'peanutoil', 'beanmungseed', 'eggwhole', 'waterchestnut', 'soybeanoil', 'sunfloweroil', 'milkwater']['rapeseedoil', 'milkfat', 'cornfieldoil', 'sunfloweroil', 'tomatopuree', 'saffloweroil', 'milknonfatsolids', 'ricewhite', 'cottonseedoil', 'waterindirectallsources', 'milkwater', 'soybeanoil']['cornfieldoil', 'sesameseed', 'beetsugar', 'riceflour', 'sugarcanesugar', 'waterindirectallsources']",4,3
23,23,Chicken egg foo yung (young)White rice with tomato sauceWhite rice with tomato sauce,148427810,450,544.6992323761231,20.48471021634408,5.394014489809743,36.46359993279214,51.6215571655344,479.890310786106,10.666771992386453,2025.415221572714,2.678947144042956,0.843059778959115,main_dishsideside,"['cottonseedoil', 'cornfieldoil', 'milkfat', 'chickenfat', 'rapeseedoil', 'sesameoil', 'chickenmeat', 'milknonfatsolids', 'saffloweroil', 'onionbulb', 'oliveoil', 'peanutoil', 'beanmungseed', 'eggwhole', 'waterchestnut', 'soybeanoil', 'sunfloweroil', 'milkwater']['rapeseedoil', 'milkfat', 'cornfieldoil', 'sunfloweroil', 'tomatopuree', 'saffloweroil', 'milknonfatsolids', 'ricewhite', 'cottonseedoil', 'waterindirectallsources', 'milkwater', 'soybeanoil']['rapeseedoil', 'milkfat', 'cornfieldoil', 'sunfloweroil', 'tomatopuree', 'saffloweroil', 'milknonfatsolids', 'ricewhite', 'cottonseedoil', 'waterindirectallsources', 'milkwater', 'soybeanoil']",4,4
24,24,"Pork egg foo yung (young)Pastry, Chinese, made with rice flourPastry, Chinese, made with rice flour",139009520,450,854.8484034155081,31.96597903114506,7.908483740571763,38.12815779302748,101.7511727902976,456.35108294713,46.47271985428916,842.4772026714077,2.6681219058027947,0.83322877348933,main_dishsideside,"['milkfat', 'sesameoil', 'porkmeat', 'peanutoil', 'milknonfatsolids', 'oliveoil', 'waterchestnut', 'onionbulb', 'soybeanoil', 'eggwhole', 'saffloweroil', 'cornfieldoil', 'beanmungseed', 'sunfloweroil', 'cottonseedoil', 'milkwater', 'porkfat', 'rapeseedoil']['cornfieldoil', 'sesameseed', 'beetsugar', 'riceflour', 'sugarcanesugar', 'waterindirectallsources']['cornfieldoil', 'sesameseed', 'beetsugar', 'riceflour', 'sugarcanesugar', 'waterindirectallsources']",3,1
25,25,"Pork egg foo yung (young)Pastry, Chinese, made with rice flourWhite rice with tomato sauce",143718670,450,712.4223795080031,27.31302978560322,7.299665398420089,37.83734846518111,76.5142533311559,456.35108294713,28.80311374023865,1339.6749294987644,2.378096430592133,0.862763286598008,main_dishsideside,"['milkfat', 'sesameoil', 'porkmeat', 'peanutoil', 'milknonfatsolids', 'oliveoil', 'waterchestnut', 'onionbulb', 'soybeanoil', 'eggwhole', 'saffloweroil', 'cornfieldoil', 'beanmungseed', 'sunfloweroil', 'cottonseedoil', 'milkwater', 'porkfat', 'rapeseedoil']['cornfieldoil', 'sesameseed', 'beetsugar', 'riceflour', 'sugarcanesugar', 'waterindirectallsources']['rapeseedoil', 'milkfat', 'cornfieldoil', 'sunfloweroil', 'tomatopuree', 'saffloweroil', 'milknonfatsolids', 'ricewhite', 'cottonseedoil', 'waterindirectallsources', 'milkwater', 'soybeanoil']",3,3
26,26,"Pork egg foo yung (young)White rice with tomato saucePastry, Chinese, made with rice flour",143718670,450,712.422379508003,27.31302978560322,7.299665398420089,37.83734846518111,76.5142533311559,456.35108294713,28.80311374023865,1339.6749294987644,2.378096430592133,0.8627632865980079,main_dishsideside,"['milkfat', 'sesameoil', 'porkmeat', 'peanutoil', 'milknonfatsolids', 'oliveoil', 'waterchestnut', 'onionbulb', 'soybeanoil', 'eggwhole', 'saffloweroil', 'cornfieldoil', 'beanmungseed', 'sunfloweroil', 'cottonseedoil', 'milkwater', 'porkfat', 'rapeseedoil']['rapeseedoil', 'milkfat', 'cornfieldoil', 'sunfloweroil', 'tomatopuree', 'saffloweroil', 'milknonfatsolids', 'ricewhite', 'cottonseedoil', 'waterindirectallsources', 'milkwater', 'soybeanoil']['cornfieldoil', 'sesameseed', 'beetsugar', 'riceflour', 'sugarcanesugar', 'waterindirectallsources']",3,3
27,27,Pork egg foo yung (young)White rice with tomato sauceWhite rice with tomato sauce,148427820,450,569.996355600498,22.66008054006138,6.690847056268414,37.54653913733474,51.2773338720142,456.35108294713,11.13350762618814,1836.8726563261207,2.088070955381471,0.892297799706686,main_dishsideside,"['milkfat', 'sesameoil', 'porkmeat', 'peanutoil', 'milknonfatsolids', 'oliveoil', 'waterchestnut', 'onionbulb', 'soybeanoil', 'eggwhole', 'saffloweroil', 'cornfieldoil', 'beanmungseed', 'sunfloweroil', 'cottonseedoil', 'milkwater', 'porkfat', 'rapeseedoil']['rapeseedoil', 'milkfat', 'cornfieldoil', 'sunfloweroil', 'tomatopuree', 'saffloweroil', 'milknonfatsolids', 'ricewhite', 'cottonseedoil', 'waterindirectallsources', 'milkwater', 'soybeanoil']['rapeseedoil', 'milkfat', 'cornfieldoil', 'sunfloweroil', 'tomatopuree', 'saffloweroil', 'milknonfatsolids', 'ricewhite', 'cottonseedoil', 'waterindirectallsources', 'milkwater', 'soybeanoil']",4,4
28,28,"Shrimp egg foo yung (young)Pastry, Chinese, made with rice flourPastry, Chinese, made with rice flour",139009530,450,795.273400849268,26.819859164466163,5.926093587275794,34.30298824113568,103.1237324640737,537.020109689214,46.12024381829369,882.4822907699207,3.25899809446428,1.549115633649022,main_dishsideside,"['oliveoil', 'peanutoil', 'cornfieldoil', 'celery', 'soybeanoil', 'mushroom', 'sunfloweroil', 'soybeanseed', 'saffloweroil', 'rapeseedoil', 'sesameoil', 'eggwhole', 'cottonseedoil', 'onionbulb', 'carrot', 'wheatflour', 'fish-shellfishcrustacean']['cornfieldoil', 'sesameseed', 'beetsugar', 'riceflour', 'sugarcanesugar', 'waterindirectallsources']['cornfieldoil', 'sesameseed', 'beetsugar', 'riceflour', 'sugarcanesugar', 'waterindirectallsources']",3,2
29,29,"Shrimp egg foo yung (young)Pastry, Chinese, made with rice flourWhite rice with tomato sauce",143718680,450,652.8473769417631,22.16690991892432,5.317275245124119,34.01217891328931,77.886813004932,537.020109689214,28.45063770424317,1379.6800175972774,2.9689726192536177,1.5786501467577,main_dishsideside,"['oliveoil', 'peanutoil', 'cornfieldoil', 'celery', 'soybeanoil', 'mushroom', 'sunfloweroil', 'soybeanseed', 'saffloweroil', 'rapeseedoil', 'sesameoil', 'eggwhole', 'cottonseedoil', 'onionbulb', 'carrot', 'wheatflour', 'fish-shellfishcrustacean']['cornfieldoil', 'sesameseed', 'beetsugar', 'riceflour', 'sugarcanesugar', 'waterindirectallsources']['rapeseedoil', 'milkfat', 'cornfieldoil', 'sunfloweroil', 'tomatopuree', 'saffloweroil', 'milknonfatsolids', 'ricewhite', 'cottonseedoil', 'waterindirectallsources', 'milkwater', 'soybeanoil']",3,3
30,30,"Shrimp egg foo yung (young)White rice with tomato saucePastry, Chinese, made with rice flour",143718680,450,652.8473769417631,22.16690991892432,5.317275245124119,34.01217891328931,77.88681300493201,537.020109689214,28.45063770424317,1379.6800175972774,2.968972619253618,1.5786501467577,main_dishsideside,"['oliveoil', 'peanutoil', 'cornfieldoil', 'celery', 'soybeanoil', 'mushroom', 'sunfloweroil', 'soybeanseed', 'saffloweroil', 'rapeseedoil', 'sesameoil', 'eggwhole', 'cottonseedoil', 'onionbulb', 'carrot', 'wheatflour', 'fish-shellfishcrustacean']['rapeseedoil', 'milkfat', 'cornfieldoil', 'sunfloweroil', 'tomatopuree', 'saffloweroil', 'milknonfatsolids', 'ricewhite', 'cottonseedoil', 'waterindirectallsources', 'milkwater', 'soybeanoil']['cornfieldoil', 'sesameseed', 'beetsugar', 'riceflour', 'sugarcanesugar', 'waterindirectallsources']",3,3
31,31,Shrimp egg foo yung (young)White rice with tomato sauceWhite rice with tomato sauce,148427830,450,510.421353034258,17.51396067338248,4.708456902972444,33.72136958544294,52.64989354579031,537.020109689214,10.78103159019267,1876.8777444246336,2.678947144042956,1.608184659866378,main_dishsideside,"['oliveoil', 'peanutoil', 'cornfieldoil', 'celery', 'soybeanoil', 'mushroom', 'sunfloweroil', 'soybeanseed', 'saffloweroil', 'rapeseedoil', 'sesameoil', 'eggwhole', 'cottonseedoil', 'onionbulb', 'carrot', 'wheatflour', 'fish-shellfishcrustacean']['rapeseedoil', 'milkfat', 'cornfieldoil', 'sunfloweroil', 'tomatopuree', 'saffloweroil', 'milknonfatsolids', 'ricewhite', 'cottonseedoil', 'waterindirectallsources', 'milkwater', 'soybeanoil']['rapeseedoil', 'milkfat', 'cornfieldoil', 'sunfloweroil', 'tomatopuree', 'saffloweroil', 'milknonfatsolids', 'ricewhite', 'cottonseedoil', 'waterindirectallsources', 'milkwater', 'soybeanoil']",3,5
32,32,"Beef egg foo yung (young)Pastry, Chinese, made with rice flourPastry, Chinese, made with rice flour",139009540,450,852.4031997523759,31.50450267452096,7.834228870639594,39.67318933802788,102.0953960838178,457.038391224863,46.00598422048747,825.3524918668127,3.25899809446428,1.473122712188292,main_dishsideside,"['soybeanoil', 'eggwhole', 'sunfloweroil', 'onionbulb', 'spicesother', 'beeffat', 'cornfieldoil', 'milknonfatsolids', 'cottonseedoil', 'waterchestnut', 'milkwater', 'beefmeat', 'milkfat', 'rapeseedoil', 'waterindirectallsources', 'saffloweroil', 'beanmungseed']['cornfieldoil', 'sesameseed', 'beetsugar', 'riceflour', 'sugarcanesugar', 'waterindirectallsources']['cornfieldoil', 'sesameseed', 'beetsugar', 'riceflour', 'sugarcanesugar', 'waterindirectallsources']",3,1
33,33,"Beef egg foo yung (young)Pastry, Chinese, made with rice flourWhite rice with tomato sauce",143718690,450,709.977175844871,26.85155342897912,7.225410528487918,39.38238001018152,76.8584766246761,457.038391224863,28.33637810643696,1322.5502186941694,2.9689726192536177,1.50265722529697,main_dishsideside,"['soybeanoil', 'eggwhole', 'sunfloweroil', 'onionbulb', 'spicesother', 'beeffat', 'cornfieldoil', 'milknonfatsolids', 'cottonseedoil', 'waterchestnut', 'milkwater', 'beefmeat', 'milkfat', 'rapeseedoil', 'waterindirectallsources', 'saffloweroil', 'beanmungseed']['cornfieldoil', 'sesameseed', 'beetsugar', 'riceflour', 'sugarcanesugar', 'waterindirectallsources']['rapeseedoil', 'milkfat', 'cornfieldoil', 'sunfloweroil', 'tomatopuree', 'saffloweroil', 'milknonfatsolids', 'ricewhite', 'cottonseedoil', 'waterindirectallsources', 'milkwater', 'soybeanoil']",3,3
34,34,"Beef egg foo yung (young)White rice with tomato saucePastry, Chinese, made with rice flour",143718690,450,709.977175844871,26.85155342897912,7.225410528487918,39.38238001018152,76.8584766246761,457.038391224863,28.33637810643696,1322.5502186941694,2.968972619253618,1.50265722529697,main_dishsideside,"['soybeanoil', 'eggwhole', 'sunfloweroil', 'onionbulb', 'spicesother', 'beeffat', 'cornfieldoil', 'milknonfatsolids', 'cottonseedoil', 'waterchestnut', 'milkwater', 'beefmeat', 'milkfat', 'rapeseedoil', 'waterindirectallsources', 'saffloweroil', 'beanmungseed']['rapeseedoil', 'milkfat', 'cornfieldoil', 'sunfloweroil', 'tomatopuree', 'saffloweroil', 'milknonfatsolids', 'ricewhite', 'cottonseedoil', 'waterindirectallsources', 'milkwater', 'soybeanoil']['cornfieldoil', 'sesameseed', 'beetsugar', 'riceflour', 'sugarcanesugar', 'waterindirectallsources']",3,3
35,35,Beef egg foo yung (young)White rice with tomato sauceWhite rice with tomato sauce,148427840,450,567.5511519373661,22.19860418343728,6.616592186336243,39.091570682335146,51.6215571655344,457.038391224863,10.666771992386453,1819.7479455215264,2.678947144042956,1.5321917384056485,main_dishsideside,"['soybeanoil', 'eggwhole', 'sunfloweroil', 'onionbulb', 'spicesother', 'beeffat', 'cornfieldoil', 'milknonfatsolids', 'cottonseedoil', 'waterchestnut', 'milkwater', 'beefmeat', 'milkfat', 'rapeseedoil', 'waterindirectallsources', 'saffloweroil', 'beanmungseed']['rapeseedoil', 'milkfat', 'cornfieldoil', 'sunfloweroil', 'tomatopuree', 'saffloweroil', 'milknonfatsolids', 'ricewhite', 'cottonseedoil', 'waterindirectallsources', 'milkwater', 'soybeanoil']['rapeseedoil', 'milkfat', 'cornfieldoil', 'sunfloweroil', 'tomatopuree', 'saffloweroil', 'milknonfatsolids', 'ricewhite', 'cottonseedoil', 'waterindirectallsources', 'milkwater', 'soybeanoil']",4,4
36,36,"Egg drop soupPastry, Chinese, made with rice flourPastry, Chinese, made with rice flour",139204400,450,554.395437592158,13.37849119611416,2.136299404400497,7.83786176887271,101.1683761239772,57.3770491803279,38.46174140573037,939.3142654754676,3.1409922803365498,0.233561055298199,main_dishsideside,"['chickenfat', 'waterindirectallsources', 'chickenmeat', 'eggwhole', 'chickenmeatbyproducts']['cornfieldoil', 'sesameseed', 'beetsugar', 'riceflour', 'sugarcanesugar', 'waterindirectallsources']['cornfieldoil', 'sesameseed', 'beetsugar', 'riceflour', 'sugarcanesugar', 'waterindirectallsources']",1,1
37,37,"Egg drop soupPastry, Chinese, made with rice flourWhite rice with tomato sauce",143913550,450,411.9694136846531,8.72554195057232,1.527481062248822,7.54705244102634,75.9314566648355,57.3770491803279,20.792135291679863,1436.5119923028242,2.850966805125888,0.263095568406877,main_dishsideside,"['chickenfat', 'waterindirectallsources', 'chickenmeat', 'eggwhole', 'chickenmeatbyproducts']['cornfieldoil', 'sesameseed', 'beetsugar', 'riceflour', 'sugarcanesugar', 'waterindirectallsources']['rapeseedoil', 'milkfat', 'cornfieldoil', 'sunfloweroil', 'tomatopuree', 'saffloweroil', 'milknonfatsolids', 'ricewhite', 'cottonseedoil', 'waterindirectallsources', 'milkwater', 'soybeanoil']",1,1
38,38,"Egg drop soupWhite rice with tomato saucePastry, Chinese, made with rice flour",143913550,450,411.9694136846531,8.725541950572321,1.527481062248822,7.54705244102634,75.93145666483551,57.3770491803279,20.792135291679863,1436.5119923028242,2.850966805125888,0.263095568406877,main_dishsideside,"['chickenfat', 'waterindirectallsources', 'chickenmeat', 'eggwhole', 'chickenmeatbyproducts']['rapeseedoil', 'milkfat', 'cornfieldoil', 'sunfloweroil', 'tomatopuree', 'saffloweroil', 'milknonfatsolids', 'ricewhite', 'cottonseedoil', 'waterindirectallsources', 'milkwater', 'soybeanoil']['cornfieldoil', 'sesameseed', 'beetsugar', 'riceflour', 'sugarcanesugar', 'waterindirectallsources']",1,1
39,39,Egg drop soupWhite rice with tomato sauceWhite rice with tomato sauce,148622700,450,269.5433897771481,4.07259270503048,0.918662720097147,7.25624311317997,50.694537205693806,57.3770491803279,3.122529177629354,1933.709719130181,2.560941329915226,0.292630081515555,main_dishsideside,"['chickenfat', 'waterindirectallsources', 'chickenmeat', 'eggwhole', 'chickenmeatbyproducts']['rapeseedoil', 'milkfat', 'cornfieldoil', 'sunfloweroil', 'tomatopuree', 'saffloweroil', 'milknonfatsolids', 'ricewhite', 'cottonseedoil', 'waterindirectallsources', 'milkwater', 'soybeanoil']['rapeseedoil', 'milkfat', 'cornfieldoil', 'sunfloweroil', 'tomatopuree', 'saffloweroil', 'milknonfatsolids', 'ricewhite', 'cottonseedoil', 'waterindirectallsources', 'milkwater', 'soybeanoil']",1,2
40,40,"Won ton (wonton), fried, meat filledPastry, Chinese, made with rice flourPastry, Chinese, made with rice flour",165015410,450,960.456697298802,39.54922027290446,8.060156177480733,26.71458739441198,125.3751276338996,46.0526315789474,45.50606841177006,1175.2935579690006,5.7348231690337,2.243605242572212,main_dishsideside,"['pepperblackandwhite', 'beefmeatbyproducts', 'sheepfat', 'oliveoil', 'porkmeat', 'wheatflour', 'eggwhole', 'rapeseedoil', 'sheepmeat', 'beefmeat', 'beeffat', 'soybeanoil', 'porkfat', 'peanutoil', 'sunfloweroil', 'waterchestnut', 'porkmeatbyproducts', 'oniongreen', 'saffloweroil', 'cornfieldoil', 'sesameoil', 'sheepmeatbyproducts', 'cottonseedoil']['cornfieldoil', 'sesameseed', 'beetsugar', 'riceflour', 'sugarcanesugar', 'waterindirectallsources']['cornfieldoil', 'sesameseed', 'beetsugar', 'riceflour', 'sugarcanesugar', 'waterindirectallsources']",1,2
41,41,"Won ton (wonton), fried, meat filledPastry, Chinese, made with rice flourWhite rice with tomato sauce",169724560,450,818.0306733912971,34.89627102736262,7.451337835329058,26.42377806656561,100.1382081747579,46.0526315789474,27.83646229771955,1672.4912847963574,5.444797693823038,2.27313975568089,main_dishsideside,"['pepperblackandwhite', 'beefmeatbyproducts', 'sheepfat', 'oliveoil', 'porkmeat', 'wheatflour', 'eggwhole', 'rapeseedoil', 'sheepmeat', 'beefmeat', 'beeffat', 'soybeanoil', 'porkfat', 'peanutoil', 'sunfloweroil', 'waterchestnut', 'porkmeatbyproducts', 'oniongreen', 'saffloweroil', 'cornfieldoil', 'sesameoil', 'sheepmeatbyproducts', 'cottonseedoil']['cornfieldoil', 'sesameseed', 'beetsugar', 'riceflour', 'sugarcanesugar', 'waterindirectallsources']['rapeseedoil', 'milkfat', 'cornfieldoil', 'sunfloweroil', 'tomatopuree', 'saffloweroil', 'milknonfatsolids', 'ricewhite', 'cottonseedoil', 'waterindirectallsources', 'milkwater', 'soybeanoil']",2,2
42,42,"Won ton (wonton), fried, meat filledWhite rice with tomato saucePastry, Chinese, made with rice flour",169724560,450,818.030673391297,34.89627102736262,7.451337835329058,26.42377806656561,100.1382081747579,46.0526315789474,27.83646229771955,1672.4912847963574,5.444797693823038,2.27313975568089,main_dishsideside,"['pepperblackandwhite', 'beefmeatbyproducts', 'sheepfat', 'oliveoil', 'porkmeat', 'wheatflour', 'eggwhole', 'rapeseedoil', 'sheepmeat', 'beefmeat', 'beeffat', 'soybeanoil', 'porkfat', 'peanutoil', 'sunfloweroil', 'waterchestnut', 'porkmeatbyproducts', 'oniongreen', 'saffloweroil', 'cornfieldoil', 'sesameoil', 'sheepmeatbyproducts', 'cottonseedoil']['rapeseedoil', 'milkfat', 'cornfieldoil', 'sunfloweroil', 'tomatopuree', 'saffloweroil', 'milknonfatsolids', 'ricewhite', 'cottonseedoil', 'waterindirectallsources', 'milkwater', 'soybeanoil']['cornfieldoil', 'sesameseed', 'beetsugar', 'riceflour', 'sugarcanesugar', 'waterindirectallsources']",2,2
43,43,"Won ton (wonton), fried, meat filledWhite rice with tomato sauceWhite rice with tomato sauce",174433710,450,675.604649483792,30.243321781820782,6.842519493177383,26.13296873871924,74.9012887156162,46.0526315789474,10.16685618366904,2169.689011623714,5.154772218612376,2.302674268789568,main_dishsideside,"['pepperblackandwhite', 'beefmeatbyproducts', 'sheepfat', 'oliveoil', 'porkmeat', 'wheatflour', 'eggwhole', 'rapeseedoil', 'sheepmeat', 'beefmeat', 'beeffat', 'soybeanoil', 'porkfat', 'peanutoil', 'sunfloweroil', 'waterchestnut', 'porkmeatbyproducts', 'oniongreen', 'saffloweroil', 'cornfieldoil', 'sesameoil', 'sheepmeatbyproducts', 'cottonseedoil']['rapeseedoil', 'milkfat', 'cornfieldoil', 'sunfloweroil', 'tomatopuree', 'saffloweroil', 'milknonfatsolids', 'ricewhite', 'cottonseedoil', 'waterindirectallsources', 'milkwater', 'soybeanoil']['rapeseedoil', 'milkfat', 'cornfieldoil', 'sunfloweroil', 'tomatopuree', 'saffloweroil', 'milknonfatsolids', 'ricewhite', 'cottonseedoil', 'waterindirectallsources', 'milkwater', 'soybeanoil']",3,5
44,44,"Won ton (wonton), fried, meatlessPastry, Chinese, made with rice flourPastry, Chinese, made with rice flour",165015420,450,964.3844270709932,39.61304588170256,8.064623970096605,26.72931638105768,125.3662902419122,44.7761194029851,45.5497644054857,1178.2884519202908,5.10147674326779,0.494765150844789,main_dishsideside,"['eggwhole', 'wheatflour']['cornfieldoil', 'sesameseed', 'beetsugar', 'riceflour', 'sugarcanesugar', 'waterindirectallsources']['cornfieldoil', 'sesameseed', 'beetsugar', 'riceflour', 'sugarcanesugar', 'waterindirectallsources']",1,2
45,45,"Won ton (wonton), fried, meatlessPastry, Chinese, made with rice flourWhite rice with tomato sauce",169724570,450,821.9584031634881,34.96009663616072,7.45580562794493,26.43850705321131,100.1293707827705,44.7761194029851,27.88015829143519,1675.4861787476475,4.811451268057128,0.5242996639534669,main_dishsideside,"['eggwhole', 'wheatflour']['cornfieldoil', 'sesameseed', 'beetsugar', 'riceflour', 'sugarcanesugar', 'waterindirectallsources']['rapeseedoil', 'milkfat', 'cornfieldoil', 'sunfloweroil', 'tomatopuree', 'saffloweroil', 'milknonfatsolids', 'ricewhite', 'cottonseedoil', 'waterindirectallsources', 'milkwater', 'soybeanoil']",2,2
46,46,"Won ton (wonton), fried, meatlessWhite rice with tomato saucePastry, Chinese, made with rice flour",169724570,450,821.958403163488,34.96009663616072,7.45580562794493,26.43850705321131,100.12937078277052,44.7761194029851,27.88015829143519,1675.4861787476475,4.811451268057128,0.5242996639534669,main_dishsideside,"['eggwhole', 'wheatflour']['rapeseedoil', 'milkfat', 'cornfieldoil', 'sunfloweroil', 'tomatopuree', 'saffloweroil', 'milknonfatsolids', 'ricewhite', 'cottonseedoil', 'waterindirectallsources', 'milkwater', 'soybeanoil']['cornfieldoil', 'sesameseed', 'beetsugar', 'riceflour', 'sugarcanesugar', 'waterindirectallsources']",2,2
47,47,"Won ton (wonton), fried, meatlessWhite rice with tomato sauceWhite rice with tomato sauce",174433720,450,679.532379255983,30.30714739061888,6.846987285793254,26.147697725364942,74.8924513236288,44.7761194029851,10.21055217738468,2172.683905575004,4.5214257928464665,0.553834177062145,main_dishsideside,"['eggwhole', 'wheatflour']['rapeseedoil', 'milkfat', 'cornfieldoil', 'sunfloweroil', 'tomatopuree', 'saffloweroil', 'milknonfatsolids', 'ricewhite', 'cottonseedoil', 'waterindirectallsources', 'milkwater', 'soybeanoil']['rapeseedoil', 'milkfat', 'cornfieldoil', 'sunfloweroil', 'tomatopuree', 'saffloweroil', 'milknonfatsolids', 'ricewhite', 'cottonseedoil', 'waterindirectallsources', 'milkwater', 'soybeanoil']",3,5
48,48,"Lo mein, NFSPastry, Chinese, made with rice flourPastry, Chinese, made with rice flour",165040410,450,853.022486772486,26.589351851851863,5.241340388007054,22.01327160493828,131.1659171075838,30.0,42.0988315696648,632.8593474426807,5.866402116402121,1.377322785248142,main_dishsideside,"['beanmungseed', 'garlicbulb', 'soybeanoil', 'rapeseedoil', 'sheepfat', 'beefmeat', 'oniongreen', 'porkmeat', 'peanutoil', 'chickenfat', 'sunfloweroil', 'soybeanseed', 'wheatflour', 'turkeymeat', 'oliveoil', 'waterindirectallsources', 'cottonseedoil', 'sheepmeat', 'porkfat', 'grapewineandsherry', 'chickenmeat', 'saffloweroil', 'sesameoil', 'beetsugar', 'gingerdried', 'sugarcanesugar', 'cornfieldoil', 'turkeyfat', 'beeffat']['cornfieldoil', 'sesameseed', 'beetsugar', 'riceflour', 'sugarcanesugar', 'waterindirectallsources']['cornfieldoil', 'sesameseed', 'beetsugar', 'riceflour', 'sugarcanesugar', 'waterindirectallsources']",1,3
49,49,"Lo mein, NFSPastry, Chinese, made with rice flourWhite rice with tomato sauce",169749560,450,710.596462864981,21.936402606310025,4.63252204585538,21.72246227709191,105.92899764844208,30.0,24.42922545561429,1130.0570742700374,5.576376641191459,1.4068572983568202,main_dishsideside,"['beanmungseed', 'garlicbulb', 'soybeanoil', 'rapeseedoil', 'sheepfat', 'beefmeat', 'oniongreen', 'porkmeat', 'peanutoil', 'chickenfat', 'sunfloweroil', 'soybeanseed', 'wheatflour', 'turkeymeat', 'oliveoil', 'waterindirectallsources', 'cottonseedoil', 'sheepmeat', 'porkfat', 'grapewineandsherry', 'chickenmeat', 'saffloweroil', 'sesameoil', 'beetsugar', 'gingerdried', 'sugarcanesugar', 'cornfieldoil', 'turkeyfat', 'beeffat']['cornfieldoil', 'sesameseed', 'beetsugar', 'riceflour', 'sugarcanesugar', 'waterindirectallsources']['rapeseedoil', 'milkfat', 'cornfieldoil', 'sunfloweroil', 'tomatopuree', 'saffloweroil', 'milknonfatsolids', 'ricewhite', 'cottonseedoil', 'waterindirectallsources', 'milkwater', 'soybeanoil']",2,2
50,50,"Lo mein, NFSWhite rice with tomato saucePastry, Chinese, made with rice flour",169749560,450,710.596462864981,21.936402606310025,4.632522045855379,21.72246227709191,105.9289976484421,30.0,24.42922545561429,1130.0570742700374,5.576376641191459,1.4068572983568202,main_dishsideside,"['beanmungseed', 'garlicbulb', 'soybeanoil', 'rapeseedoil', 'sheepfat', 'beefmeat', 'oniongreen', 'porkmeat', 'peanutoil', 'chickenfat', 'sunfloweroil', 'soybeanseed', 'wheatflour', 'turkeymeat', 'oliveoil', 'waterindirectallsources', 'cottonseedoil', 'sheepmeat', 'porkfat', 'grapewineandsherry', 'chickenmeat', 'saffloweroil', 'sesameoil', 'beetsugar', 'gingerdried', 'sugarcanesugar', 'cornfieldoil', 'turkeyfat', 'beeffat']['rapeseedoil', 'milkfat', 'cornfieldoil', 'sunfloweroil', 'tomatopuree', 'saffloweroil', 'milknonfatsolids', 'ricewhite', 'cottonseedoil', 'waterindirectallsources', 'milkwater', 'soybeanoil']['cornfieldoil', 'sesameseed', 'beetsugar', 'riceflour', 'sugarcanesugar', 'waterindirectallsources']",2,2
51,51,"Lo mein, NFSWhite rice with tomato sauceWhite rice with tomato sauce",174458710,450,568.170438957476,17.28345336076818,4.023703703703704,21.431652949245542,80.6920781893004,30.0,6.75961934156378,1627.2548010973942,5.286351165980797,1.4363918114654983,main_dishsideside,"['beanmungseed', 'garlicbulb', 'soybeanoil', 'rapeseedoil', 'sheepfat', 'beefmeat', 'oniongreen', 'porkmeat', 'peanutoil', 'chickenfat', 'sunfloweroil', 'soybeanseed', 'wheatflour', 'turkeymeat', 'oliveoil', 'waterindirectallsources', 'cottonseedoil', 'sheepmeat', 'porkfat', 'grapewineandsherry', 'chickenmeat', 'saffloweroil', 'sesameoil', 'beetsugar', 'gingerdried', 'sugarcanesugar', 'cornfieldoil', 'turkeyfat', 'beeffat']['rapeseedoil', 'milkfat', 'cornfieldoil', 'sunfloweroil', 'tomatopuree', 'saffloweroil', 'milknonfatsolids', 'ricewhite', 'cottonseedoil', 'waterindirectallsources', 'milkwater', 'soybeanoil']['rapeseedoil', 'milkfat', 'cornfieldoil', 'sunfloweroil', 'tomatopuree', 'saffloweroil', 'milknonfatsolids', 'ricewhite', 'cottonseedoil', 'waterindirectallsources', 'milkwater', 'soybeanoil']",3,4
52,52,"Lo mein, meatlessPastry, Chinese, made with rice flourPastry, Chinese, made with rice flour",165040420,450,789.413996206448,17.72732354996507,2.881340388007054,16.86279990682508,140.8409171075838,4.0115176805572e-78,44.80991647532518,1089.2036870653208,5.36168513527004,0.24101305923326,main_dishsideside,"['mushroom', 'beanmungseed', 'celery', 'bambooshoots', 'wheatflour', 'waterindirectallsources', 'oniongreen', 'soybeanseed', 'cabbagechinesebokchoy', 'cabbagechinesemustard', 'carrot', 'cabbagechinesenapa']['cornfieldoil', 'sesameseed', 'beetsugar', 'riceflour', 'sugarcanesugar', 'waterindirectallsources']['cornfieldoil', 'sesameseed', 'beetsugar', 'riceflour', 'sugarcanesugar', 'waterindirectallsources']",1,2
53,53,"Lo mein, meatlessPastry, Chinese, made with rice flourWhite rice with tomato sauce",169749570,450,646.9879722989431,13.07437430442323,2.272522045855379,16.57199057897871,115.6039976484421,2.403765353036191e-78,27.14031036127467,1586.4014138926773,5.071659660059378,0.270547572341938,main_dishsideside,"['mushroom', 'beanmungseed', 'celery', 'bambooshoots', 'wheatflour', 'waterindirectallsources', 'oniongreen', 'soybeanseed', 'cabbagechinesebokchoy', 'cabbagechinesemustard', 'carrot', 'cabbagechinesenapa']['cornfieldoil', 'sesameseed', 'beetsugar', 'riceflour', 'sugarcanesugar', 'waterindirectallsources']['rapeseedoil', 'milkfat', 'cornfieldoil', 'sunfloweroil', 'tomatopuree', 'saffloweroil', 'milknonfatsolids', 'ricewhite', 'cottonseedoil', 'waterindirectallsources', 'milkwater', 'soybeanoil']",1,2
54,54,"Lo mein, meatlessWhite rice with tomato saucePastry, Chinese, made with rice flour",169749570,450,646.9879722989431,13.07437430442323,2.272522045855379,16.57199057897871,115.6039976484421,2.403765353036191e-78,27.14031036127467,1586.4014138926773,5.071659660059378,0.270547572341938,main_dishsideside,"['mushroom', 'beanmungseed', 'celery', 'bambooshoots', 'wheatflour', 'waterindirectallsources', 'oniongreen', 'soybeanseed', 'cabbagechinesebokchoy', 'cabbagechinesemustard', 'carrot', 'cabbagechinesenapa']['rapeseedoil', 'milkfat', 'cornfieldoil', 'sunfloweroil', 'tomatopuree', 'saffloweroil', 'milknonfatsolids', 'ricewhite', 'cottonseedoil', 'waterindirectallsources', 'milkwater', 'soybeanoil']['cornfieldoil', 'sesameseed', 'beetsugar', 'riceflour', 'sugarcanesugar', 'waterindirectallsources']",1,2
55,55,"Lo mein, meatlessWhite rice with tomato sauceWhite rice with tomato sauce",174458720,450,504.561948391438,8.42142505888139,1.663703703703704,16.28118125113234,90.3670781893004,7.96013025515182e-79,9.47070424722416,2083.599140720034,4.781634184848716,0.300082085450616,main_dishsideside,"['mushroom', 'beanmungseed', 'celery', 'bambooshoots', 'wheatflour', 'waterindirectallsources', 'oniongreen', 'soybeanseed', 'cabbagechinesebokchoy', 'cabbagechinesemustard', 'carrot', 'cabbagechinesenapa']['rapeseedoil', 'milkfat', 'cornfieldoil', 'sunfloweroil', 'tomatopuree', 'saffloweroil', 'milknonfatsolids', 'ricewhite', 'cottonseedoil', 'waterindirectallsources', 'milkwater', 'soybeanoil']['rapeseedoil', 'milkfat', 'cornfieldoil', 'sunfloweroil', 'tomatopuree', 'saffloweroil', 'milknonfatsolids', 'ricewhite', 'cottonseedoil', 'waterindirectallsources', 'milkwater', 'soybeanoil']",2,3
56,56,"Lo mein, with shrimpPastry, Chinese, made with rice flourPastry, Chinese, made with rice flour",165040430,450,788.439153439153,17.38518518518519,2.9113403880070536,26.35493827160498,131.02425044091711,111.666666666667,43.41966490299813,920.7760141093476,4.61640211640212,1.8637813962930216,main_dishsideside,"['soybeanoil', 'sesameoil', 'oniongreen', 'waterindirectallsources', 'soybeanseed', 'beansnapsucculent', 'rapeseedoil', 'gingerdried', 'saffloweroil', 'mushroom', 'peanutoil', 'fish-shellfishcrustacean', 'cornfieldstarch', 'cornfieldoil', 'beetsugar', 'cottonseedoil', 'sunfloweroil', 'pepperblackandwhite', 'wheatflour', 'oliveoil', 'sugarcanesugar']['cornfieldoil', 'sesameseed', 'beetsugar', 'riceflour', 'sugarcanesugar', 'waterindirectallsources']['cornfieldoil', 'sesameseed', 'beetsugar', 'riceflour', 'sugarcanesugar', 'waterindirectallsources']",1,3
57,57,"Lo mein, with shrimpPastry, Chinese, made with rice flourWhite rice with tomato sauce",169749580,450,646.013129531648,12.732235939643347,2.302522045855379,26.06412894375861,105.7873309817754,111.666666666667,25.75005878894762,1417.9737409367044,4.326376641191458,1.8933159094017,main_dishsideside,"['soybeanoil', 'sesameoil', 'oniongreen', 'waterindirectallsources', 'soybeanseed', 'beansnapsucculent', 'rapeseedoil', 'gingerdried', 'saffloweroil', 'mushroom', 'peanutoil', 'fish-shellfishcrustacean', 'cornfieldstarch', 'cornfieldoil', 'beetsugar', 'cottonseedoil', 'sunfloweroil', 'pepperblackandwhite', 'wheatflour', 'oliveoil', 'sugarcanesugar']['cornfieldoil', 'sesameseed', 'beetsugar', 'riceflour', 'sugarcanesugar', 'waterindirectallsources']['rapeseedoil', 'milkfat', 'cornfieldoil', 'sunfloweroil', 'tomatopuree', 'saffloweroil', 'milknonfatsolids', 'ricewhite', 'cottonseedoil', 'waterindirectallsources', 'milkwater', 'soybeanoil']",1,3
58,58,"Lo mein, with shrimpWhite rice with tomato saucePastry, Chinese, made with rice flour",169749580,450,646.013129531648,12.732235939643347,2.302522045855379,26.06412894375861,105.7873309817754,111.666666666667,25.75005878894762,1417.9737409367044,4.326376641191458,1.8933159094017,main_dishsideside,"['soybeanoil', 'sesameoil', 'oniongreen', 'waterindirectallsources', 'soybeanseed', 'beansnapsucculent', 'rapeseedoil', 'gingerdried', 'saffloweroil', 'mushroom', 'peanutoil', 'fish-shellfishcrustacean', 'cornfieldstarch', 'cornfieldoil', 'beetsugar', 'cottonseedoil', 'sunfloweroil', 'pepperblackandwhite', 'wheatflour', 'oliveoil', 'sugarcanesugar']['rapeseedoil', 'milkfat', 'cornfieldoil', 'sunfloweroil', 'tomatopuree', 'saffloweroil', 'milknonfatsolids', 'ricewhite', 'cottonseedoil', 'waterindirectallsources', 'milkwater', 'soybeanoil']['cornfieldoil', 'sesameseed', 'beetsugar', 'riceflour', 'sugarcanesugar', 'waterindirectallsources']",1,3
59,59,"Lo mein, with shrimpWhite rice with tomato sauceWhite rice with tomato sauce",174458730,450,503.587105624143,8.07928669410151,1.693703703703704,25.773319615912243,80.5504115226337,111.666666666667,8.08045267489711,1915.1714677640607,4.036351165980796,1.9228504225103784,main_dishsideside,"['soybeanoil', 'sesameoil', 'oniongreen', 'waterindirectallsources', 'soybeanseed', 'beansnapsucculent', 'rapeseedoil', 'gingerdried', 'saffloweroil', 'mushroom', 'peanutoil', 'fish-shellfishcrustacean', 'cornfieldstarch', 'cornfieldoil', 'beetsugar', 'cottonseedoil', 'sunfloweroil', 'pepperblackandwhite', 'wheatflour', 'oliveoil', 'sugarcanesugar']['rapeseedoil', 'milkfat', 'cornfieldoil', 'sunfloweroil', 'tomatopuree', 'saffloweroil', 'milknonfatsolids', 'ricewhite', 'cottonseedoil', 'waterindirectallsources', 'milkwater', 'soybeanoil']['rapeseedoil', 'milkfat', 'cornfieldoil', 'sunfloweroil', 'tomatopuree', 'saffloweroil', 'milknonfatsolids', 'ricewhite', 'cottonseedoil', 'waterindirectallsources', 'milkwater', 'soybeanoil']",2,4
60,60,"Lo mein, with porkPastry, Chinese, made with rice flourPastry, Chinese, made with rice flour",165040440,450,831.806990222831,21.302796946361312,4.3841066646347135,28.64064184196198,130.86996001187418,37.5037503750375,43.48685662217005,906.6986063685736,4.36662713890437,0.7087790968895991,main_dishsideside,"['beetsugar', 'sesameoil', 'peanutoil', 'gingerdried', 'oniongreen', 'soybeanseed', 'sunfloweroil', 'soybeanoil', 'cornfieldoil', 'porkmeat', 'sugarcanesugar', 'grapewineandsherry', 'beanmungseed', 'cottonseedoil', 'rapeseedoil', 'waterindirectallsources', 'saffloweroil', 'oliveoil', 'wheatflour', 'porkfat', 'garlicbulb']['cornfieldoil', 'sesameseed', 'beetsugar', 'riceflour', 'sugarcanesugar', 'waterindirectallsources']['cornfieldoil', 'sesameseed', 'beetsugar', 'riceflour', 'sugarcanesugar', 'waterindirectallsources']",1,3
61,61,"Lo mein, with porkPastry, Chinese, made with rice flourWhite rice with tomato sauce",169749590,450,689.3809663153261,16.64984770081947,3.775288322483039,28.34983251411561,105.6330405527325,37.5037503750375,25.81725050811954,1403.8963331959303,4.076601663693708,0.7383136099982771,main_dishsideside,"['beetsugar', 'sesameoil', 'peanutoil', 'gingerdried', 'oniongreen', 'soybeanseed', 'sunfloweroil', 'soybeanoil', 'cornfieldoil', 'porkmeat', 'sugarcanesugar', 'grapewineandsherry', 'beanmungseed', 'cottonseedoil', 'rapeseedoil', 'waterindirectallsources', 'saffloweroil', 'oliveoil', 'wheatflour', 'porkfat', 'garlicbulb']['cornfieldoil', 'sesameseed', 'beetsugar', 'riceflour', 'sugarcanesugar', 'waterindirectallsources']['rapeseedoil', 'milkfat', 'cornfieldoil', 'sunfloweroil', 'tomatopuree', 'saffloweroil', 'milknonfatsolids', 'ricewhite', 'cottonseedoil', 'waterindirectallsources', 'milkwater', 'soybeanoil']",2,3
62,62,"Lo mein, with porkWhite rice with tomato saucePastry, Chinese, made with rice flour",169749590,450,689.3809663153261,16.64984770081947,3.775288322483039,28.34983251411561,105.6330405527325,37.5037503750375,25.81725050811954,1403.8963331959303,4.076601663693708,0.738313609998277,main_dishsideside,"['beetsugar', 'sesameoil', 'peanutoil', 'gingerdried', 'oniongreen', 'soybeanseed', 'sunfloweroil', 'soybeanoil', 'cornfieldoil', 'porkmeat', 'sugarcanesugar', 'grapewineandsherry', 'beanmungseed', 'cottonseedoil', 'rapeseedoil', 'waterindirectallsources', 'saffloweroil', 'oliveoil', 'wheatflour', 'porkfat', 'garlicbulb']['rapeseedoil', 'milkfat', 'cornfieldoil', 'sunfloweroil', 'tomatopuree', 'saffloweroil', 'milknonfatsolids', 'ricewhite', 'cottonseedoil', 'waterindirectallsources', 'milkwater', 'soybeanoil']['cornfieldoil', 'sesameseed', 'beetsugar', 'riceflour', 'sugarcanesugar', 'waterindirectallsources']",2,3
63,63,"Lo mein, with porkWhite rice with tomato sauceWhite rice with tomato sauce",174458740,450,546.954942407821,11.99689845527763,3.166469980331364,28.059023186269243,80.39612109359079,37.5037503750375,8.14764439406903,1901.094060023287,3.7865761884830462,0.767848123106955,main_dishsideside,"['beetsugar', 'sesameoil', 'peanutoil', 'gingerdried', 'oniongreen', 'soybeanseed', 'sunfloweroil', 'soybeanoil', 'cornfieldoil', 'porkmeat', 'sugarcanesugar', 'grapewineandsherry', 'beanmungseed', 'cottonseedoil', 'rapeseedoil', 'waterindirectallsources', 'saffloweroil', 'oliveoil', 'wheatflour', 'porkfat', 'garlicbulb']['rapeseedoil', 'milkfat', 'cornfieldoil', 'sunfloweroil', 'tomatopuree', 'saffloweroil', 'milknonfatsolids', 'ricewhite', 'cottonseedoil', 'waterindirectallsources', 'milkwater', 'soybeanoil']['rapeseedoil', 'milkfat', 'cornfieldoil', 'sunfloweroil', 'tomatopuree', 'saffloweroil', 'milknonfatsolids', 'ricewhite', 'cottonseedoil', 'waterindirectallsources', 'milkwater', 'soybeanoil']",2,4
64,64,"Lo mein, with beefPastry, Chinese, made with rice flourPastry, Chinese, made with rice flour",165040450,450,808.439153439153,18.7851851851852,3.4763403880070536,29.27160493827158,130.8825837742505,38.3333333333333,43.5113315696648,909.9426807760136,4.699735449735449,3.345624235862812,main_dishsideside,"['garlicbulb', 'grapewineandsherry', 'soybeanoil', 'waterindirectallsources', 'soybeanseed', 'beefmeat', 'wheatflour', 'oniongreen', 'cornfieldoil', 'gingerdried', 'sunfloweroil', 'beetsugar', 'beeffat', 'beanmungseed', 'sesameoil', 'rapeseedoil', 'cottonseedoil', 'oliveoil', 'saffloweroil', 'peanutoil', 'sugarcanesugar']['cornfieldoil', 'sesameseed', 'beetsugar', 'riceflour', 'sugarcanesugar', 'waterindirectallsources']['cornfieldoil', 'sesameseed', 'beetsugar', 'riceflour', 'sugarcanesugar', 'waterindirectallsources']",1,3
65,65,"Lo mein, with beefPastry, Chinese, made with rice flourWhite rice with tomato sauce",169749600,450,666.013129531648,14.13223593964336,2.8675220458553787,28.98079561042521,105.6456643151088,38.3333333333333,25.841725455614288,1407.1404076033705,4.409709974524787,3.37515874897149,main_dishsideside,"['garlicbulb', 'grapewineandsherry', 'soybeanoil', 'waterindirectallsources', 'soybeanseed', 'beefmeat', 'wheatflour', 'oniongreen', 'cornfieldoil', 'gingerdried', 'sunfloweroil', 'beetsugar', 'beeffat', 'beanmungseed', 'sesameoil', 'rapeseedoil', 'cottonseedoil', 'oliveoil', 'saffloweroil', 'peanutoil', 'sugarcanesugar']['cornfieldoil', 'sesameseed', 'beetsugar', 'riceflour', 'sugarcanesugar', 'waterindirectallsources']['rapeseedoil', 'milkfat', 'cornfieldoil', 'sunfloweroil', 'tomatopuree', 'saffloweroil', 'milknonfatsolids', 'ricewhite', 'cottonseedoil', 'waterindirectallsources', 'milkwater', 'soybeanoil']",2,3
66,66,"Lo mein, with beefWhite rice with tomato saucePastry, Chinese, made with rice flour",169749600,450,666.013129531648,14.132235939643358,2.8675220458553787,28.98079561042521,105.6456643151088,38.3333333333333,25.841725455614288,1407.1404076033705,4.409709974524787,3.37515874897149,main_dishsideside,"['garlicbulb', 'grapewineandsherry', 'soybeanoil', 'waterindirectallsources', 'soybeanseed', 'beefmeat', 'wheatflour', 'oniongreen', 'cornfieldoil', 'gingerdried', 'sunfloweroil', 'beetsugar', 'beeffat', 'beanmungseed', 'sesameoil', 'rapeseedoil', 'cottonseedoil', 'oliveoil', 'saffloweroil', 'peanutoil', 'sugarcanesugar']['rapeseedoil', 'milkfat', 'cornfieldoil', 'sunfloweroil', 'tomatopuree', 'saffloweroil', 'milknonfatsolids', 'ricewhite', 'cottonseedoil', 'waterindirectallsources', 'milkwater', 'soybeanoil']['cornfieldoil', 'sesameseed', 'beetsugar', 'riceflour', 'sugarcanesugar', 'waterindirectallsources']",2,3
67,67,"Lo mein, with beefWhite rice with tomato sauceWhite rice with tomato sauce",174458750,450,523.5871056241431,9.47928669410152,2.258703703703704,28.689986282578843,80.4087448559671,38.3333333333333,8.17211934156378,1904.3381344307272,4.1196844993141255,3.404693262080168,main_dishsideside,"['garlicbulb', 'grapewineandsherry', 'soybeanoil', 'waterindirectallsources', 'soybeanseed', 'beefmeat', 'wheatflour', 'oniongreen', 'cornfieldoil', 'gingerdried', 'sunfloweroil', 'beetsugar', 'beeffat', 'beanmungseed', 'sesameoil', 'rapeseedoil', 'cottonseedoil', 'oliveoil', 'saffloweroil', 'peanutoil', 'sugarcanesugar']['rapeseedoil', 'milkfat', 'cornfieldoil', 'sunfloweroil', 'tomatopuree', 'saffloweroil', 'milknonfatsolids', 'ricewhite', 'cottonseedoil', 'waterindirectallsources', 'milkwater', 'soybeanoil']['rapeseedoil', 'milkfat', 'cornfieldoil', 'sunfloweroil', 'tomatopuree', 'saffloweroil', 'milknonfatsolids', 'ricewhite', 'cottonseedoil', 'waterindirectallsources', 'milkwater', 'soybeanoil']",2,4
68,68,"Lo mein, with chickenPastry, Chinese, made with rice flourPastry, Chinese, made with rice flour",165040460,450,811.772486772486,18.72060185185186,3.131340388007054,29.58827160493828,130.8284171075838,53.75,43.5050815696648,926.6093474426808,4.74140211640212,0.5771242516456829,main_dishsideside,"['cornfieldoil', 'beetsugar', 'waterindirectallsources', 'gingerdried', 'sugarcanesugar', 'garlicbulb', 'sesameoil', 'grapewineandsherry', 'oniongreen', 'cottonseedoil', 'chickenfat', 'sunfloweroil', 'oliveoil', 'peanutoil', 'soybeanoil', 'beanmungseed', 'soybeanseed', 'saffloweroil', 'chickenmeat', 'rapeseedoil', 'wheatflour']['cornfieldoil', 'sesameseed', 'beetsugar', 'riceflour', 'sugarcanesugar', 'waterindirectallsources']['cornfieldoil', 'sesameseed', 'beetsugar', 'riceflour', 'sugarcanesugar', 'waterindirectallsources']",1,3
69,69,"Lo mein, with chickenPastry, Chinese, made with rice flourWhite rice with tomato sauce",169749610,450,669.346462864981,14.06765260631002,2.522522045855379,29.29746227709191,105.5914976484421,53.75,25.83547545561429,1423.8070742700374,4.451376641191458,0.606658764754361,main_dishsideside,"['cornfieldoil', 'beetsugar', 'waterindirectallsources', 'gingerdried', 'sugarcanesugar', 'garlicbulb', 'sesameoil', 'grapewineandsherry', 'oniongreen', 'cottonseedoil', 'chickenfat', 'sunfloweroil', 'oliveoil', 'peanutoil', 'soybeanoil', 'beanmungseed', 'soybeanseed', 'saffloweroil', 'chickenmeat', 'rapeseedoil', 'wheatflour']['cornfieldoil', 'sesameseed', 'beetsugar', 'riceflour', 'sugarcanesugar', 'waterindirectallsources']['rapeseedoil', 'milkfat', 'cornfieldoil', 'sunfloweroil', 'tomatopuree', 'saffloweroil', 'milknonfatsolids', 'ricewhite', 'cottonseedoil', 'waterindirectallsources', 'milkwater', 'soybeanoil']",2,3
70,70,"Lo mein, with chickenWhite rice with tomato saucePastry, Chinese, made with rice flour",169749610,450,669.346462864981,14.06765260631002,2.522522045855379,29.29746227709191,105.5914976484421,53.75,25.83547545561429,1423.8070742700374,4.451376641191458,0.6066587647543609,main_dishsideside,"['cornfieldoil', 'beetsugar', 'waterindirectallsources', 'gingerdried', 'sugarcanesugar', 'garlicbulb', 'sesameoil', 'grapewineandsherry', 'oniongreen', 'cottonseedoil', 'chickenfat', 'sunfloweroil', 'oliveoil', 'peanutoil', 'soybeanoil', 'beanmungseed', 'soybeanseed', 'saffloweroil', 'chickenmeat', 'rapeseedoil', 'wheatflour']['rapeseedoil', 'milkfat', 'cornfieldoil', 'sunfloweroil', 'tomatopuree', 'saffloweroil', 'milknonfatsolids', 'ricewhite', 'cottonseedoil', 'waterindirectallsources', 'milkwater', 'soybeanoil']['cornfieldoil', 'sesameseed', 'beetsugar', 'riceflour', 'sugarcanesugar', 'waterindirectallsources']",2,3
71,71,"Lo mein, with chickenWhite rice with tomato sauceWhite rice with tomato sauce",174458760,450,526.920438957476,9.41470336076818,1.913703703703704,29.00665294924554,80.3545781893004,53.75,8.16586934156378,1921.0048010973944,4.161351165980796,0.6361932778630389,main_dishsideside,"['cornfieldoil', 'beetsugar', 'waterindirectallsources', 'gingerdried', 'sugarcanesugar', 'garlicbulb', 'sesameoil', 'grapewineandsherry', 'oniongreen', 'cottonseedoil', 'chickenfat', 'sunfloweroil', 'oliveoil', 'peanutoil', 'soybeanoil', 'beanmungseed', 'soybeanseed', 'saffloweroil', 'chickenmeat', 'rapeseedoil', 'wheatflour']['rapeseedoil', 'milkfat', 'cornfieldoil', 'sunfloweroil', 'tomatopuree', 'saffloweroil', 'milknonfatsolids', 'ricewhite', 'cottonseedoil', 'waterindirectallsources', 'milkwater', 'soybeanoil']['rapeseedoil', 'milkfat', 'cornfieldoil', 'sunfloweroil', 'tomatopuree', 'saffloweroil', 'milknonfatsolids', 'ricewhite', 'cottonseedoil', 'waterindirectallsources', 'milkwater', 'soybeanoil']",2,4
72,72,"Won ton (wonton) soupPastry, Chinese, made with rice flourPastry, Chinese, made with rice flour",165312310,450,566.5992390092158,12.49995023634808,1.8762517091793216,10.1388659585787,103.56886121305,10.2747304859157,39.089924563879336,1028.9365738977408,2.590620446521307,0.350919810971437,main_dishsideside,"['porkfat', 'eggwhole', 'peanutoil', 'cornfieldoil', 'spinach', 'chickenmeatbyproducts', 'cornfieldstarch', 'sunfloweroil', 'waterindirectallsources', 'wheatflour', 'oliveoil', 'chickenfat', 'soybeanoil', 'cottonseedoil', 'saffloweroil', 'rapeseedoil', 'soybeanseed', 'chickenmeat', 'oniongreen', 'porkmeat', 'sesameoil']['cornfieldoil', 'sesameseed', 'beetsugar', 'riceflour', 'sugarcanesugar', 'waterindirectallsources']['cornfieldoil', 'sesameseed', 'beetsugar', 'riceflour', 'sugarcanesugar', 'waterindirectallsources']",1,1
73,73,"Won ton (wonton) soupPastry, Chinese, made with rice flourWhite rice with tomato sauce",170021460,450,424.1732151017108,7.847000990806242,1.267433367027647,9.84805663073233,78.3319417539083,10.2747304859157,21.420318449828827,1526.134300725097,2.300594971310645,0.380454324080115,main_dishsideside,"['porkfat', 'eggwhole', 'peanutoil', 'cornfieldoil', 'spinach', 'chickenmeatbyproducts', 'cornfieldstarch', 'sunfloweroil', 'waterindirectallsources', 'wheatflour', 'oliveoil', 'chickenfat', 'soybeanoil', 'cottonseedoil', 'saffloweroil', 'rapeseedoil', 'soybeanseed', 'chickenmeat', 'oniongreen', 'porkmeat', 'sesameoil']['cornfieldoil', 'sesameseed', 'beetsugar', 'riceflour', 'sugarcanesugar', 'waterindirectallsources']['rapeseedoil', 'milkfat', 'cornfieldoil', 'sunfloweroil', 'tomatopuree', 'saffloweroil', 'milknonfatsolids', 'ricewhite', 'cottonseedoil', 'waterindirectallsources', 'milkwater', 'soybeanoil']",1,1
74,74,"Won ton (wonton) soupWhite rice with tomato saucePastry, Chinese, made with rice flour",170021460,450,424.1732151017108,7.847000990806242,1.267433367027647,9.84805663073233,78.3319417539083,10.2747304859157,21.420318449828827,1526.134300725097,2.300594971310645,0.380454324080115,main_dishsideside,"['porkfat', 'eggwhole', 'peanutoil', 'cornfieldoil', 'spinach', 'chickenmeatbyproducts', 'cornfieldstarch', 'sunfloweroil', 'waterindirectallsources', 'wheatflour', 'oliveoil', 'chickenfat', 'soybeanoil', 'cottonseedoil', 'saffloweroil', 'rapeseedoil', 'soybeanseed', 'chickenmeat', 'oniongreen', 'porkmeat', 'sesameoil']['rapeseedoil', 'milkfat', 'cornfieldoil', 'sunfloweroil', 'tomatopuree', 'saffloweroil', 'milknonfatsolids', 'ricewhite', 'cottonseedoil', 'waterindirectallsources', 'milkwater', 'soybeanoil']['cornfieldoil', 'sesameseed', 'beetsugar', 'riceflour', 'sugarcanesugar', 'waterindirectallsources']",1,1
75,75,Won ton (wonton) soupWhite rice with tomato sauceWhite rice with tomato sauce,174730610,450,281.7471911942058,3.194051745264402,0.658615024875972,9.55724730288596,53.09502229476661,10.2747304859157,3.750712335778316,2023.3320275524536,2.010569496099983,0.409988837188793,main_dishsideside,"['porkfat', 'eggwhole', 'peanutoil', 'cornfieldoil', 'spinach', 'chickenmeatbyproducts', 'cornfieldstarch', 'sunfloweroil', 'waterindirectallsources', 'wheatflour', 'oliveoil', 'chickenfat', 'soybeanoil', 'cottonseedoil', 'saffloweroil', 'rapeseedoil', 'soybeanseed', 'chickenmeat', 'oniongreen', 'porkmeat', 'sesameoil']['rapeseedoil', 'milkfat', 'cornfieldoil', 'sunfloweroil', 'tomatopuree', 'saffloweroil', 'milknonfatsolids', 'ricewhite', 'cottonseedoil', 'waterindirectallsources', 'milkwater', 'soybeanoil']['rapeseedoil', 'milkfat', 'cornfieldoil', 'sunfloweroil', 'tomatopuree', 'saffloweroil', 'milknonfatsolids', 'ricewhite', 'cottonseedoil', 'waterindirectallsources', 'milkwater', 'soybeanoil']",1,2
76,76,"Cabbage, Chinese, cooked, fat added in cookingPastry, Chinese, made with rice flourPastry, Chinese, made with rice flour",182114320,450,578.5255092249903,18.96271109192095,3.6656948785079138,8.74332341840978,95.94609845473406,5.3972366148532,41.21830479937119,495.8127153183288,4.68008950845739,0.162997253664094,main_dishsideside,"['sunfloweroil', 'cornfieldoil', 'milkwater', 'milkfat', 'cabbagechinesenapa', 'milknonfatsolids', 'cabbagechinesebokchoy', 'soybeanoil', 'cottonseedoil', 'cabbagechinesemustard', 'saffloweroil', 'rapeseedoil']['cornfieldoil', 'sesameseed', 'beetsugar', 'riceflour', 'sugarcanesugar', 'waterindirectallsources']['cornfieldoil', 'sesameseed', 'beetsugar', 'riceflour', 'sugarcanesugar', 'waterindirectallsources']",3,3
77,77,"Cabbage, Chinese, cooked, fat added in cookingPastry, Chinese, made with rice flourWhite rice with tomato sauce",186823470,450,436.0994853174853,14.30976184637911,3.056876536356239,8.45251409056341,70.70917899559237,5.3972366148532,23.54869868532068,993.0104421456854,4.390064033246728,0.192531766772772,main_dishsideside,"['sunfloweroil', 'cornfieldoil', 'milkwater', 'milkfat', 'cabbagechinesenapa', 'milknonfatsolids', 'cabbagechinesebokchoy', 'soybeanoil', 'cottonseedoil', 'cabbagechinesemustard', 'saffloweroil', 'rapeseedoil']['cornfieldoil', 'sesameseed', 'beetsugar', 'riceflour', 'sugarcanesugar', 'waterindirectallsources']['rapeseedoil', 'milkfat', 'cornfieldoil', 'sunfloweroil', 'tomatopuree', 'saffloweroil', 'milknonfatsolids', 'ricewhite', 'cottonseedoil', 'waterindirectallsources', 'milkwater', 'soybeanoil']",2,3
78,78,"Cabbage, Chinese, cooked, fat added in cookingWhite rice with tomato saucePastry, Chinese, made with rice flour",186823470,450,436.0994853174853,14.30976184637911,3.056876536356239,8.45251409056341,70.70917899559237,5.3972366148532,23.54869868532068,993.0104421456854,4.390064033246728,0.192531766772772,main_dishsideside,"['sunfloweroil', 'cornfieldoil', 'milkwater', 'milkfat', 'cabbagechinesenapa', 'milknonfatsolids', 'cabbagechinesebokchoy', 'soybeanoil', 'cottonseedoil', 'cabbagechinesemustard', 'saffloweroil', 'rapeseedoil']['rapeseedoil', 'milkfat', 'cornfieldoil', 'sunfloweroil', 'tomatopuree', 'saffloweroil', 'milknonfatsolids', 'ricewhite', 'cottonseedoil', 'waterindirectallsources', 'milkwater', 'soybeanoil']['cornfieldoil', 'sesameseed', 'beetsugar', 'riceflour', 'sugarcanesugar', 'waterindirectallsources']",2,3
79,79,"Cabbage, Chinese, cooked, fat added in cookingWhite rice with tomato sauceWhite rice with tomato sauce",191532620,450,293.6734614099803,9.65681260083727,2.448058194204564,8.16170476271704,45.472259536450665,5.3972366148532,5.87909257127017,1490.208168973042,4.100038558036066,0.22206627988145,main_dishsideside,"['sunfloweroil', 'cornfieldoil', 'milkwater', 'milkfat', 'cabbagechinesenapa', 'milknonfatsolids', 'cabbagechinesebokchoy', 'soybeanoil', 'cottonseedoil', 'cabbagechinesemustard', 'saffloweroil', 'rapeseedoil']['rapeseedoil', 'milkfat', 'cornfieldoil', 'sunfloweroil', 'tomatopuree', 'saffloweroil', 'milknonfatsolids', 'ricewhite', 'cottonseedoil', 'waterindirectallsources', 'milkwater', 'soybeanoil']['rapeseedoil', 'milkfat', 'cornfieldoil', 'sunfloweroil', 'tomatopuree', 'saffloweroil', 'milknonfatsolids', 'ricewhite', 'cottonseedoil', 'waterindirectallsources', 'milkwater', 'soybeanoil']",1,2
